<Backups xmlns="http://www.microsoft.com/GroupPolicy/GPOOperations/Manifest" xmlns:mfst="http://www.microsoft.com/GroupPolicy/GPOOperations/Manifest" mfst:version="1.0"><BackupInst><GPOGuid><![CDATA[{736029FF-BB97-4FC0-A5F3-FEC8DE90908C}]]></GPOGuid><GPODomain><![CDATA[security.local]]></GPODomain><GPODomainGuid><![CDATA[{6f0514af-6cc4-48d1-b2ef-2310ad5fc57b}]]></GPODomainGuid><GPODomainController><![CDATA[DC-SEC-01.security.local]]></GPODomainController><BackupTime><![CDATA[2021-11-30T23:36:57]]></BackupTime><ID><![CDATA[{F9AB7CF2-E468-4F95-9287-FD18D13B74B2}]]></ID><Comment><![CDATA[]]></Comment><GPODisplayName><![CDATA[MSFT Microsoft 365 Apps v2112 - User]]></GPODisplayName></BackupInst><BackupInst><GPOGuid><![CDATA[{38B794AC-A419-46B4-905F-9217C3510152}]]></GPOGuid><GPODomain><![CDATA[security.local]]></GPODomain><GPODomainGuid><![CDATA[{6f0514af-6cc4-48d1-b2ef-2310ad5fc57b}]]></GPODomainGuid><GPODomainController><![CDATA[DC-SEC-01.security.local]]></GPODomainController><BackupTime><![CDATA[2021-11-30T23:36:56]]></BackupTime><ID><![CDATA[{A54F0F6A-0B69-4E72-A9BE-0CA0B58D57A3}]]></ID><Comment><![CDATA[]]></Comment><GPODisplayName><![CDATA[MSFT Microsoft 365 Apps v2112 - Require Macro Signing - User]]></GPODisplayName></BackupInst><BackupInst><GPOGuid><![CDATA[{DE75F7E0-B75C-41F7-AC90-2C3F3DA49C82}]]></GPOGuid><GPODomain><![CDATA[security.local]]></GPODomain><GPODomainGuid><![CDATA[{6f0514af-6cc4-48d1-b2ef-2310ad5fc57b}]]></GPODomainGuid><GPODomainController><![CDATA[DC-SEC-01.security.local]]></GPODomainController><BackupTime><![CDATA[2021-11-30T23:36:56]]></BackupTime><ID><![CDATA[{AEC46BF2-7F32-4534-A861-8169B7CD9AA2}]]></ID><Comment><![CDATA[]]></Comment><GPODisplayName><![CDATA[MSFT Microsoft 365 Apps v2112 - Legacy JScript Block - Computer]]></GPODisplayName></BackupInst><BackupInst><GPOGuid><![CDATA[{EF439B69-A375-4A59-88F3-4F3492FE583F}]]></GPOGuid><GPODomain><![CDATA[security.local]]></GPODomain><GPODomainGuid><![CDATA[{6f0514af-6cc4-48d1-b2ef-2310ad5fc57b}]]></GPODomainGuid><GPODomainController><![CDATA[DC-SEC-01.security.local]]></GPODomainController><BackupTime><![CDATA[2021-11-30T23:36:56]]></BackupTime><ID><![CDATA[{DD4FDB57-20BE-42F2-9869-7C4611C4CB01}]]></ID><Comment><![CDATA[]]></Comment><GPODisplayName><![CDATA[MSFT Microsoft 365 Apps v2112 - Legacy File Block - User]]></GPODisplayName></BackupInst><BackupInst><GPOGuid><![CDATA[{E6A0576A-5C86-4483-91D2-79F998B33DE3}]]></GPOGuid><GPODomain><![CDATA[security.local]]></GPODomain><GPODomainGuid><![CDATA[{6f0514af-6cc4-48d1-b2ef-2310ad5fc57b}]]></GPODomainGuid><GPODomainController><![CDATA[DC-SEC-01.security.local]]></GPODomainController><BackupTime><![CDATA[2021-11-30T23:36:55]]></BackupTime><ID><![CDATA[{10E13927-5AEA-4DCF-9748-C9B8BA65EE80}]]></ID><Comment><![CDATA[]]></Comment><GPODisplayName><![CDATA[MSFT Microsoft 365 Apps v2112 - DDE Block - User]]></GPODisplayName></BackupInst><BackupInst><GPOGuid><![CDATA[{B2E90A77-91AA-4532-8B2E-DBFAA8F35A06}]]></GPOGuid><GPODomain><![CDATA[security.local]]></GPODomain><GPODomainGuid><![CDATA[{6f0514af-6cc4-48d1-b2ef-2310ad5fc57b}]]></GPODomainGuid><GPODomainController><![CDATA[DC-SEC-01.security.local]]></GPODomainController><BackupTime><![CDATA[2021-11-30T23:36:45]]></BackupTime><ID><![CDATA[{41BE8301-FD97-41B1-90FC-8623E8F02202}]]></ID><Comment><![CDATA[]]></Comment><GPODisplayName><![CDATA[MSFT Microsoft 365 Apps v2112 - Computer]]></GPODisplayName></BackupInst></Backups>